id,title,module,opportunity_type,description,benefit_amount,benefit_type,min_age,max_age,age_relaxation,income_max,income_min,state,district,category,gender,qualification,cgpa_required,experience_required,dummy1,dummy2,dummy3,dummy4,required_documents,required_skills,required_followup_questions,deadline,renewal_frequency,official_link,source_name,source_type,priority_score,verification_status,last_updated,application_count,readiness_score_formula,eligibility_explanation,similarity_score,profile_match_percentage,notification_trigger,created_at,updated_at
1,NATS (National Apprenticeship Training Scheme),job_seekers,apprenticeship,Apprenticeship training for engineering diploma/degree graduates with monthly stipend from government,12000.0,monthly_stipend,17,35,5_years_sc_st,2000000.0,0.0,Telangana,Hyderabad,any,any,diploma_or_degree,6.5,,,,,"[""Aadhaar Card"", ""Diploma/Degree Certificate"", ""Marksheets"", ""Bank Account"", ""Photo"", ""School Leaving Certificate""]","[""Technical Skills"", ""Communication"", ""Teamwork"", ""Problem Solving"", ""Adaptability""]","[""Are you engineering diploma or degree holder?"", ""What is your specialization?"", ""What is your CGPA?"", ""Are you currently employed?"", ""Which location prefer?""]","2026-12-31","annual","https://nats.aicte.gov.in","AICTE, Ministry of Education","central_government",99,verified,2026-06-01,425000,"(cgpa*0.5) + (specialization_demand*0.3) + (location_match*0.2)","Engineering diploma/degree holder with CGPA>=6.5 not currently employed",0.96,96.0,"30_days_before_deadline","2026-01-01","2026-06-01"
2,NAPS (National Apprenticeship Promotion Scheme),job_seekers,apprenticeship,National apprenticeship scheme with stipend support for 10th/12th/ITI/Diploma/Graduate candidates,10000.0,monthly_stipend,16,35,5_years_sc_st,1500000.0,0.0,Telangana,,any,any,10th_or_12th_or_iti_or_diploma,6.0,,,,,"[""Aadhaar Card"", ""Qualification Certificate"", ""Bank Account"", ""Photo"", ""Mobile Number"", ""Address Proof""]","[""Basic Skills"", ""Communication"", ""Learning Ability"", ""Work Ethics"", ""Punctuality""]","[""What is your qualification?"", ""Do you have ITI/Diploma?"", ""What is your age?"", ""Are you looking for first job?""]","2026-12-31","annual","https://apprenticeshipindia.gov.in","Ministry of Labour & Employment, GOI","central_government",98,verified,2026-06-01,685000,"(qualification_level*0.5) + (age*0.3) + (job_seeking*0.2)","Fresh candidate with 10th+/ITI/Diploma/Degree seeking first employment",0.94,94.0,"30_days_before_deadline","2026-01-01","2026-06-01"
3,PMKVY (Pradhan Mantri Kaushal Vidyape Yojana),job_seekers,skill_development,Free skill development training with certification and placement support for youth,50000.0,training_and_placement,18,35,,1000000.0,0.0,Telangana,Hyderabad,any,any,10th_pass,6.0,,,,,"[""Aadhaar Card"", ""10th Certificate"", ""Bank Account"", ""Photo"", ""Mobile Number"", ""Ration Card""]","[""Learning Mindset"", ""Basic Communication"", ""Willingness to Work"", ""Adaptability""]","[""What is your qualification?"", ""What trade interest?"", ""Are you unemployed?"", ""What location prefer?""]","2026-12-31","annual","https://pmkvy.gov.in","Ministry of Skill Development, GOI","central_government",97,verified,2026-06-01,920000,"(unemployment*0.6) + (trade_match*0.4)","Unemployed 10th pass candidate interested in skill training",0.92,92.0,"30_days_before_deadline","2026-01-01","2026-06-01"
4,DDU-GKY (Deen Dayal Somayee Gyaan Yojana),job_seekers,skill_development,Skill training for rural youth from poor families with placement guarantee,45000.0,training_and_placement,18,35,,800000.0,0.0,Telangana,Rural,any,any,10th_pass,6.0,,,,,"[""Aadhaar Card"", ""Rural Domicile"", ""10th Certificate"", ""Income Certificate"", ""Bank Account"", ""Photo""]","[""Learning Ability"", ""Communication"", ""Work Ethics"", ""Physical Fitness""]","[""Are you from rural area?"", ""What is family income?"", ""What is qualification?"", ""What trade interest?""]","2026-11-30","annual","https://ddugky.gov.in","Ministry of Skill Development, GOI","central_government",96,verified,2026-06-01,580000,"(rural_status*0.5) + (income*0.3) + (qualification*0.2)","Rural youth from family income<800k with 10th pass",0.90,90.0,"30_days_before_deadline","2026-01-01","2026-06-01"
5,RSETI Programs (Rural Self Employment),job_seekers,entrepreneurship_training,Entrepreneurship development training for rural youth to start own business,75000.0,training_and_loan_support,18,45,,2000000.0,0.0,Telangana,Rural,any,any,intermediate,6.5,,,,,"[""Aadhaar Card"", ""Rural Domicile"", ""12th Certificate"", ""Income Certificate"", ""Bank Account"", ""Business Interest Proof""]","[""Business Mindset"", ""Communication"", ""Leadership"", ""Financial Literacy"", ""Planning""]","[""Are you from rural area?"", ""Do you want to start business?"", ""What business type?"", ""What is income?""]","2026-12-31","annual","https://rseti.gov.in","Ministry of Rural Development, GOI","central_government",94,verified,2026-06-01,245000,"(business_interest*0.6) + (rural_status*0.3) + (income*0.1)","Rural youth interested in entrepreneurship with income<2000k",0.87,87.0,"30_days_before_deadline","2026-01-01","2026-06-01"
6,NSDC JobX Portal Registration,job_seekers,job_matching,Free job matching portal for skilled youth with NSDC training certification,0.0,job_matching_service,18,40,,5000000.0,0.0,Telangana,Hyderabad,any,any,iti_or_diploma_or_degree,6.5,,,,,"[""Aadhaar Card"", ""NSDC Certificate"", ""Qualification Certificate"", ""Bank Account"", ""Photo"", ""Mobile Number"", ""Resume""]","[""Job Readiness"", ""Communication"", ""Technical Skills"", ""Interview Skills"", ""Computer Basics""]","[""Do you have NSDC certificate?"", ""What is qualification?"", ""What job type?"", ""What location prefer?""]","2026-12-31","ongoing","https://jobx.nsdcindia.org","NSDC, Ministry of Skill Development","central_government",93,verified,2026-06-01,385000,"(nsdc_cert*0.7) + (skill_level*0.3)","Candidate with NSDC certification seeking job matching",0.89,89.0,"15_days_before_deadline","2026-01-01","2026-06-01"
7,National Career Service Portal,job_seekers,job_matching,"One-stop career service portal for job search, career guidance, and skill development info",0.0,job_matching_and_counseling,16,60,,10000000.0,0.0,Telangana,,any,any,any,6.0,,,,,"[""Aadhaar Card"", ""Qualification Certificate"", ""Bank Account"", ""Photo"", ""Mobile Number"", ""Email""]","[""Job Search"", ""Communication"", ""Self_Presentation"", ""Internet Basics"", ""Documentation""]","[""What is qualification?"", ""What job type?"", ""Are you employed?"", ""What location?""]","2026-12-31","ongoing","https://ncs.gov.in","Ministry of Labour & Employment, GOI","central_government",95,verified,2026-06-01,1250000,"(job_seeking*0.6) + (qualification*0.4)","Any job seeker registered on NCS portal",0.91,91.0,"15_days_before_deadline","2026-01-01","2026-06-01"
8,Telangana State Employment Exchange,job_seekers,job_matching,State employment exchange for registering job seekers and finding government/private jobs,0.0,job_registration_and_matching,18,50,,8000000.0,0.0,Telangana,Hyderabad,any,any,any,6.0,,,,,"[""Aadhaar Card"", ""Qualification Certificate"", ""Bank Account"", ""Photo"", ""Mobile Number"", ""Address Proof"", ""Domicile""]","[""Job Search"", ""Communication"", ""Documentation"", ""Registration"", ""Follow-up""]","[""Are you Telangana resident?"", ""What is qualification?"", ""What job type?"", ""Are you registered already?""]","2026-12-31","annual","https://telangana.gov.in/employment-exchange","Government of Telangana","state_government",94,verified,2026-06-01,465000,"(telangana_resident*0.7) + (qualification*0.3)","Telangana resident job seeker registered on employment exchange",0.90,90.0,"30_days_before_deadline","2026-01-01","2026-06-01"
9,SSC GD Constable Recruitment,job_seekers,government_recruitment,General Duty Constable recruitment in paramilitary forces for 10th pass candidates,0.0,permanent_government_job,18,33,5_years_sc_st,10000000.0,0.0,Telangana,,any,any,10th_pass,6.0,,physical_test_required,,,,"[""Aadhaar Card"", ""10th Certificate"", ""Photo"", ""Mobile Number"", ""Physical Fitness Certificate"", ""Caste Certificate (if applicable)""]","[""Physical Fitness"", ""Strength"", ""Running"", ""Communication"", ""Discipline""]","[""What is qualification?"", ""Are you physically fit?"", ""Can you run 5km?"", ""What is age?""]","2026-08-31","annual","https://ssc.gov.in","Staff Selection Commission, GOI","central_government",96,verified,2026-06-01,285000,"(physical_fitness*0.6) + (qualification*0.3) + (age*0.1)","10th pass physically fit candidate aged 18-33",0.92,92.0,"15_days_before_deadline","2026-01-01","2026-06-01"
10,Railway Group D Recruitment,job_seekers,government_recruitment,"Railway Group D posts (Trackman, Helper, Technician) for 10th+ITI/Diploma candidates",0.0,permanent_government_job,18,33,5_years_sc_st,8000000.0,0.0,Telangana,,any,any,10th_plus_iti_or_diploma,6.5,,physical_test_required,,,,"[""Aadhaar Card"", ""10th Certificate"", ""ITI/Diploma Certificate"", ""Photo"", ""Mobile Number"", ""Physical Fitness Certificate""]","[""Technical Skills"", ""Physical Fitness"", ""Strength"", ""Mechanical Knowledge"", ""Safety Awareness""]","[""What is qualification?"", ""Do you have ITI/Diploma?"", ""Are you physically fit?"", ""What trade?""]","2026-09-30","annual","https://rrbcdg.gov.in","Railway Recruitment Board, GOI","central_government",97,verified,2026-06-01,345000,"(iti_diploma*0.6) + (physical_fitness*0.3) + (trade_match*0.1)","10th pass with ITI/Diploma and physical fitness",0.93,93.0,"15_days_before_deadline","2026-01-01","2026-06-01"
11,Indian Army Recruitment (10th/12th),job_seekers,government_recruitment,"Army recruitment for Havaldar, Naib Subedar and other posts for 10th/12th pass",0.0,permanent_government_job,17.5,33,5_years_sc_st,10000000.0,0.0,Telangana,,any,any,10th_or_12th,6.0,,physical_test_required,,,,"[""Aadhaar Card"", ""10th/12th Certificate"", ""Photo"", ""Mobile Number"", ""Physical Fitness Certificate"", ""Character Certificate""]","[""Physical Fitness"", ""Strength"", ""Running"", ""Discipline"", ""Leadership"", ""Courage""]","[""What is qualification?"", ""What is age?"", ""Are you physically fit?"", ""Can you handle stress?""]","2026-10-31","annual","https://indianarmy.nic.in","Indian Army, Ministry of Defence","central_government",98,verified,2026-06-01,425000,"(physical_fitness*0.7) + (age*0.2) + (motivation*0.1)","Physically fit 10th/12th pass aged 17.5-33 with discipline",0.94,94.0,"15_days_before_deadline","2026-01-01","2026-06-01"
12,Gramin Dak Sevak (GDS),job_seekers,government_recruitment,Post office job for 10th pass candidates with no major entrance exam,0.0,permanent_government_job,18,50,,5000000.0,0.0,Telangana,Rural,any,any,10th_pass,6.0,,,,,"[""Aadhaar Card"", ""10th Certificate"", ""Bank Account"", ""Photo"", ""Mobile Number"", ""Rural Address Proof"", ""Domicile""]","[""Communication"", ""Computer Basics"", ""Documentation"", ""Customer Service"", ""Punctuality""]","[""What is qualification?"", ""Are you from rural area?"", ""Can you work with computers?"", ""What location?""]","2026-07-31","annual","https://indiapost.gov.in","India Post, Ministry of Communications","central_government",92,verified,2026-06-01,195000,"(rural_resident*0.6) + (computer_basics*0.3) + (qualification*0.1)","Rural 10th pass with basic computer knowledge",0.86,86.0,"15_days_before_deadline","2026-01-01","2026-06-01"
13,SSC CHSL (Combined Higher Secondary),job_seekers,government_recruitment,"Combined higher secondary level exam for 12th pass for posts like Data Entry Operator, Assistant, etc.",0.0,permanent_government_job,18,32,5_years_sc_st,10000000.0,0.0,Telangana,,any,any,12th_pass,6.5,,,,,"[""Aadhaar Card"", ""12th Certificate"", ""Bank Account"", ""Photo"", ""Mobile Number"", ""Email"", ""Caste Certificate (if applicable)""]","[""Computer Skills"", ""Data Entry"", ""Communication"", ""Documentation"", ""Speed"", ""Accuracy""]","[""What is qualification?"", ""Do you have computer skills?"", ""Can you do data entry speed?"", ""What is age?""]","2026-09-30","annual","https://ssc.gov.in","Staff Selection Commission, GOI","central_government",95,verified,2026-06-01,365000,"(computer_skills*0.5) + (qualification*0.3) + (speed*0.2)","12th pass with computer skills and data entry ability",0.89,89.0,"15_days_before_deadline","2026-01-01","2026-06-01"
14,State Police Recruitment (10th/12th),job_seekers,government_recruitment,State police recruitment for Constable posts for 10th/12th pass candidates,0.0,permanent_government_job,18,33,5_years_sc_st,8000000.0,0.0,Telangana,,any,any,10th_or_12th,6.0,,physical_test_required,,,,"[""Aadhaar Card"", ""10th/12th Certificate"", ""Domicile"", ""Photo"", ""Mobile Number"", ""Physical Fitness Certificate"", ""Character Certificate""]","[""Physical Fitness"", ""Strength"", ""Running"", ""Discipline"", ""Communication"", ""Ethics""]","[""Are you Telangana resident?"", ""What is qualification?"", ""Are you physically fit?"", ""What is age?""]","2026-11-30","annual","https://telanganapolice.gov.in","Telangana Police, Government of Telangana","state_government",94,verified,2026-06-01,285000,"(telangana_resident*0.6) + (physical_fitness*0.3) + (age*0.1)","Telangana resident 10th/12th pass physically fit aged 18-33",0.90,90.0,"15_days_before_deadline","2026-01-01","2026-06-01"
15,UIDAI Apprentice Program,job_seekers,apprenticeship,Apprenticeship program with UIDAI for ITI/Diploma/Graduate candidates in technology,15000.0,monthly_stipend,18,30,,5000000.0,0.0,Telangana,Hyderabad,any,any,iti_or_diploma_or_degree,7.0,,,,,"[""Aadhaar Card"", ""ITI/Diploma/Degree Certificate"", ""Bank Account"", ""Photo"", ""Mobile Number"", ""Resume"", ""Computer Certificate""]","[""Programming"", ""Technology"", ""Communication"", ""Problem Solving"", ""Computer Skills"", ""Analytical Thinking""]","[""What is qualification?"", ""Do you have computer skills?"", ""Can you program?"", ""What is CGPA?""]","2026-08-31","annual","https://uidai.gov.in/apprentice","UIDAI, Government of India","central_government",91,verified,2026-06-01,125000,"(computer_skills*0.5) + (cgpa*0.3) + (programming*0.2)","ITI/Diploma/Degree holder with CGPA>=7.0 and programming skills",0.85,85.0,"15_days_before_deadline","2026-01-01","2026-06-01"
16,Yantar India Ltd Apprentice,job_seekers,apprenticeship,Apprentice vacancies for 10th+ITI/Diploma candidates in manufacturing sector,12000.0,monthly_stipend,18,30,,3000000.0,0.0,Telangana,Hyderabad,any,any,10th_plus_iti_or_diploma,6.5,,,,,"[""Aadhaar Card"", ""10th Certificate"", ""ITI/Diploma Certificate"", ""Bank Account"", ""Photo"", ""Mobile Number"", ""Trade Certificate""]","[""Technical Skills"", ""Manufacturing Knowledge"", ""Safety Awareness"", ""Communication"", ""Hand Skills""]","[""What is qualification?"", ""Do you have ITI/Diploma?"", ""What trade?"", ""Are you unemployed?""]","2026-09-30","annual","https://yantarindia.com/apprentice","Yantar India Ltd, GOI","central_government",89,verified,2026-06-01,95000,"(iti_diploma*0.6) + (trade_match*0.3) + (unemployment*0.1)","10th pass with ITI/Diploma and relevant trade",0.82,82.0,"15_days_before_deadline","2026-01-01","2026-06-01"
17,Para Legal Volunteer Program,job_seekers,volunteer_program,Para legal volunteer program for 10th pass candidates with legal training,5000.0,monthly_volunteer_stipend,18,45,,2000000.0,0.0,Telangana,,any,any,10th_pass,6.0,,,,,"[""Aadhaar Card"", ""10th Certificate"", ""Bank Account"", ""Photo"", ""Mobile Number"", ""Address Proof"", ""Legal Interest Proof""]","[""Communication"", ""Legal Knowledge"", ""Documentation"", ""Research"", ""Ethics"", ""Writing""]","[""What is qualification?"", ""Do you have legal interest?"", ""Can you research?"", ""What location?""]","2026-08-31","annual","https://nalsar.ac.in/para_legal","NALSAR, State Govt Legal Aid","central_government",85,verified,2026-06-01,45000,"(legal_interest*0.6) + (communication*0.3) + (research*0.1)","10th pass with legal interest and communication skills",0.78,78.0,"15_days_before_deadline","2026-01-01","2026-06-01"
18,BPHC Apprentice Program (Bureau of Police Research),job_seekers,apprenticeship,Apprenticeship for 10th pass candidates in bureau of police research and development,10000.0,monthly_stipend,18,30,,4000000.0,0.0,Telangana,Hyderabad,any,any,10th_pass,6.5,,,,,"[""Aadhaar Card"", ""10th Certificate"", ""Bank Account"", ""Photo"", ""Mobile Number"", ""Resume"", ""Character Certificate""]","[""Research"", ""Documentation"", ""Communication"", ""Computer Basics"", ""Analysis"", ""Ethics""]","[""What is qualification?"", ""Do you have research interest?"", ""Can you use computer?"", ""What is age?""]","2026-07-31","annual","https://bprd.gov.in/apprentice","BPR&D, Ministry of Home Affairs","central_government",87,verified,2026-06-01,65000,"(research_interest*0.5) + (computer_basics*0.3) + (qualification*0.2)","10th pass with research interest and computer basics",0.80,80.0,"15_days_before_deadline","2026-01-01","2026-06-01"
19,UCIL Apprentice Program (Uranium Corporation),job_seekers,apprenticeship,Apprenticeship for 10th+ITI candidates in uranium mining and related technical work,14000.0,monthly_stipend,18,30,,5000000.0,0.0,Telangana,Hyderabad,any,any,10th_plus_iti,6.5,,,,,"[""Aadhaar Card"", ""10th Certificate"", ""ITI Certificate"", ""Bank Account"", ""Photo"", ""Mobile Number"", ""Trade Certificate"", ""Physical Fitness""]","[""Technical Skills"", ""Mining Knowledge"", ""Safety Awareness"", ""Physical Fitness"", ""Communication"", ""Hand Skills""]","[""What is qualification?"", ""Do you have ITI?"", ""What trade?"", ""Are you physically fit?""]","2026-10-31","annual","https://ucil.nic.in/apprentice","UCIL, Ministry of Atomic Energy","central_government",90,verified,2026-06-01,78000,"(iti_cert*0.6) + (trade_match*0.3) + (physical_fitness*0.1)","10th pass with ITI certificate and relevant trade",0.84,84.0,"15_days_before_deadline","2026-01-01","2026-06-01"
20,Telangana Yuva Nestham,job_seekers,unemployment_benefit,Unemployment benefit program for registered unemployed youth in Telangana state,5000.0,monthly_unemployment_benefit,18,45,,1000000.0,0.0,Telangana,,any,any,intermediate,6.0,,,,,"[""Aadhaar Card"", ""12th Certificate"", ""Domicile"", ""Bank Account"", ""Photo"", ""Mobile Number"", ""Unemployment Declaration"", ""Address Proof""]","[""Job Search"", ""Communication"", ""Documentation"", ""Patience"", ""Persistence""]","[""Are you Telangana resident?"", ""What is qualification?"", ""Are you unemployed for 6+ months?"", ""What is income?""]","2026-12-31","monthly","https://telangana.gov.in/yuva-nestham","Government of Telangana","state_government",93,verified,2026-06-01,320000,"(telangana_resident*0.6) + (unemployment_duration*0.3) + (income*0.1)","Telangana resident unemployed for 6+ months with income<1000k",0.88,88.0,"7_days_before_deadline","2026-01-01","2026-06-01"
